{
  "evaluation_timestamp": "2025-10-31T12:23:30.938007",
  "model_path": "artifacts/best_model.keras",
  "model_architecture": {
    "total_parameters": 22913432,
    "trainable_parameters": 1110648,
    "non_trainable_parameters": 21802784
  },
  "dataset": {
    "validation_samples": 2045,
    "num_classes": 120,
    "batch_size": 32,
    "image_size": [
      299,
      299
    ]
  },
  "performance_metrics": {
    "validation_loss": 0.36781272292137146,
    "top1_accuracy": 0.8929095268249512,
    "top3_accuracy": 0.9765281173594133,
    "top5_accuracy": 0.9916870415647921,
    "macro_avg_precision": 0.8951019770846379,
    "macro_avg_recall": 0.8905562982849798,
    "macro_avg_f1_score": 0.8895770214720452,
    "weighted_avg_precision": 0.8978659446298681,
    "weighted_avg_recall": 0.8929095354523228,
    "weighted_avg_f1_score": 0.8922900768532961
  },
  "per_class_metrics": {
    "affenpinscher": {
      "precision": 1.0,
      "recall": 0.875,
      "f1_score": 0.9333333333333333,
      "support": 16
    },
    "afghan_hound": {
      "precision": 0.9583333333333334,
      "recall": 1.0,
      "f1_score": 0.9787234042553191,
      "support": 23
    },
    "african_hunting_dog": {
      "precision": 1.0,
      "recall": 1.0,
      "f1_score": 1.0,
      "support": 17
    },
    "airedale": {
      "precision": 1.0,
      "recall": 0.9545454545454546,
      "f1_score": 0.9767441860465116,
      "support": 22
    },
    "american_staffordshire_terrier": {
      "precision": 0.8235294117647058,
      "recall": 0.9333333333333333,
      "f1_score": 0.875,
      "support": 15
    },
    "appenzeller": {
      "precision": 0.6,
      "recall": 0.5625,
      "f1_score": 0.5806451612903226,
      "support": 16
    },
    "australian_terrier": {
      "precision": 0.8333333333333334,
      "recall": 0.7142857142857143,
      "f1_score": 0.7692307692307693,
      "support": 21
    },
    "basenji": {
      "precision": 1.0,
      "recall": 0.9090909090909091,
      "f1_score": 0.9523809523809523,
      "support": 22
    },
    "basset": {
      "precision": 0.8823529411764706,
      "recall": 0.9375,
      "f1_score": 0.9090909090909091,
      "support": 16
    },
    "beagle": {
      "precision": 0.9047619047619048,
      "recall": 0.9047619047619048,
      "f1_score": 0.9047619047619048,
      "support": 21
    },
    "bedlington_terrier": {
      "precision": 1.0,
      "recall": 1.0,
      "f1_score": 1.0,
      "support": 18
    },
    "bernese_mountain_dog": {
      "precision": 0.9565217391304348,
      "recall": 0.9565217391304348,
      "f1_score": 0.9565217391304348,
      "support": 23
    },
    "black-and-tan_coonhound": {
      "precision": 1.0,
      "recall": 0.8666666666666667,
      "f1_score": 0.9285714285714286,
      "support": 15
    },
    "blenheim_spaniel": {
      "precision": 1.0,
      "recall": 0.9523809523809523,
      "f1_score": 0.975609756097561,
      "support": 21
    },
    "bloodhound": {
      "precision": 1.0,
      "recall": 0.8235294117647058,
      "f1_score": 0.9032258064516129,
      "support": 17
    },
    "bluetick": {
      "precision": 0.9375,
      "recall": 0.8823529411764706,
      "f1_score": 0.9090909090909091,
      "support": 17
    },
    "border_collie": {
      "precision": 0.7222222222222222,
      "recall": 0.9285714285714286,
      "f1_score": 0.8125,
      "support": 14
    },
    "border_terrier": {
      "precision": 0.9473684210526315,
      "recall": 1.0,
      "f1_score": 0.972972972972973,
      "support": 18
    },
    "borzoi": {
      "precision": 1.0,
      "recall": 0.8666666666666667,
      "f1_score": 0.9285714285714286,
      "support": 15
    },
    "boston_bull": {
      "precision": 1.0,
      "recall": 0.8823529411764706,
      "f1_score": 0.9375,
      "support": 17
    },
    "bouvier_des_flandres": {
      "precision": 0.9375,
      "recall": 0.8823529411764706,
      "f1_score": 0.9090909090909091,
      "support": 17
    },
    "boxer": {
      "precision": 0.875,
      "recall": 0.9333333333333333,
      "f1_score": 0.9032258064516129,
      "support": 15
    },
    "brabancon_griffon": {
      "precision": 0.8571428571428571,
      "recall": 0.9230769230769231,
      "f1_score": 0.8888888888888888,
      "support": 13
    },
    "briard": {
      "precision": 0.9166666666666666,
      "recall": 0.8461538461538461,
      "f1_score": 0.88,
      "support": 13
    },
    "brittany_spaniel": {
      "precision": 1.0,
      "recall": 0.9333333333333333,
      "f1_score": 0.9655172413793104,
      "support": 15
    },
    "bull_mastiff": {
      "precision": 1.0,
      "recall": 0.8666666666666667,
      "f1_score": 0.9285714285714286,
      "support": 15
    },
    "cairn": {
      "precision": 0.9473684210526315,
      "recall": 0.8571428571428571,
      "f1_score": 0.9,
      "support": 21
    },
    "cardigan": {
      "precision": 1.0,
      "recall": 0.8666666666666667,
      "f1_score": 0.9285714285714286,
      "support": 15
    },
    "chesapeake_bay_retriever": {
      "precision": 0.9375,
      "recall": 0.8823529411764706,
      "f1_score": 0.9090909090909091,
      "support": 17
    },
    "chihuahua": {
      "precision": 0.8125,
      "recall": 0.9285714285714286,
      "f1_score": 0.8666666666666667,
      "support": 14
    },
    "chow": {
      "precision": 0.9473684210526315,
      "recall": 0.9473684210526315,
      "f1_score": 0.9473684210526315,
      "support": 19
    },
    "clumber": {
      "precision": 0.9411764705882353,
      "recall": 1.0,
      "f1_score": 0.9696969696969697,
      "support": 16
    },
    "cocker_spaniel": {
      "precision": 0.8823529411764706,
      "recall": 1.0,
      "f1_score": 0.9375,
      "support": 15
    },
    "collie": {
      "precision": 0.8461538461538461,
      "recall": 0.6470588235294118,
      "f1_score": 0.7333333333333333,
      "support": 17
    },
    "curly-coated_retriever": {
      "precision": 0.9285714285714286,
      "recall": 0.9285714285714286,
      "f1_score": 0.9285714285714286,
      "support": 14
    },
    "dandie_dinmont": {
      "precision": 1.0,
      "recall": 1.0,
      "f1_score": 1.0,
      "support": 18
    },
    "dhole": {
      "precision": 1.0,
      "recall": 1.0,
      "f1_score": 1.0,
      "support": 15
    },
    "dingo": {
      "precision": 0.8823529411764706,
      "recall": 0.9375,
      "f1_score": 0.9090909090909091,
      "support": 16
    },
    "doberman": {
      "precision": 1.0,
      "recall": 0.9333333333333333,
      "f1_score": 0.9655172413793104,
      "support": 15
    },
    "english_foxhound": {
      "precision": 0.75,
      "recall": 0.8823529411764706,
      "f1_score": 0.8108108108108109,
      "support": 17
    },
    "english_setter": {
      "precision": 0.9375,
      "recall": 0.8823529411764706,
      "f1_score": 0.9090909090909091,
      "support": 17
    },
    "english_springer": {
      "precision": 0.8333333333333334,
      "recall": 1.0,
      "f1_score": 0.9090909090909091,
      "support": 15
    },
    "entlebucher": {
      "precision": 0.9444444444444444,
      "recall": 0.7391304347826086,
      "f1_score": 0.8292682926829268,
      "support": 23
    },
    "eskimo_dog": {
      "precision": 0.45454545454545453,
      "recall": 0.38461538461538464,
      "f1_score": 0.4166666666666667,
      "support": 13
    },
    "flat-coated_retriever": {
      "precision": 0.8181818181818182,
      "recall": 0.6428571428571429,
      "f1_score": 0.72,
      "support": 14
    },
    "french_bulldog": {
      "precision": 0.9285714285714286,
      "recall": 0.9285714285714286,
      "f1_score": 0.9285714285714286,
      "support": 14
    },
    "german_shepherd": {
      "precision": 1.0,
      "recall": 0.7857142857142857,
      "f1_score": 0.88,
      "support": 14
    },
    "german_short-haired_pointer": {
      "precision": 0.8235294117647058,
      "recall": 0.9333333333333333,
      "f1_score": 0.875,
      "support": 15
    },